Workbook

Sheet 設定
A1: 項目 | B1: 値
A2: 店舗名 | B2: サンプル食堂 新宿店
A3: 発注対象日（発注する日） | B3: 45726
A4: 納品日（発注計算基準日）★ | B4: 45728
A5: リードタイム日数（発注→納品） | B5: 2
A6: 安全在庫日数（0.5=半日分） | B6: 0.5
A7: 既定発注ロット（最小数基準） | B7: 1
A8: 更新日 | B8: 45726
A10: ※ ★の項目（納品日）は発注計算の基準日です。必ず入力してください。青字セルに値を入力してください。

Sheet 商品マスタ
A1: 商品コード | B1: 商品名 | C1: カテゴリ | D1: 売価 | E1: 販売単位 | F1: 使用フラグ | G1: 備考
A2: M001 | B2: 牛丼（並） | C2: 丼物 | D2: 500 | E2: 杯 | F2: 1
A3: M002 | B3: 牛丼（大盛） | C3: 丼物 | D3: 600 | E3: 杯 | F3: 1
A4: M003 | B4: 豚汁 | C4: 汁物 | D4: 200 | E4: 杯 | F4: 1 | G4: サイドメニュー
A5: M004 | B5: サラダ | C5: サイド | D5: 150 | E5: 皿 | F5: 1
A6: M005 | B6: 卵かけご飯 | C6: 定食 | D6: 300 | E6: 膳 | F6: 1
A8: ※ 使用フラグ: 1=有効, 0=無効

Sheet レシピマスタ
A1: 商品コード | B1: 商品名 | C1: 食材コード | D1: 食材名 | E1: 使用量 | F1: 単位 | G1: 歩留まり係数 | H1: 備考 | I1: 商品予測販売数 | J1: 食材消費量
A2: M001 | B2: =IFERROR(VLOOKUP(A2,商品マスタ!$A:$B,2,0),"") -> 牛丼（並） | C2: I001 | D2: 牛肉(びん等) | E2: 120 | F2: g | G2: 1.1 | H2: 行返りロス考慮 | I2: =IFERROR(SUMIFS(売上予測!$D:$D,売上予測!$A:$A,設定!$B$4,売上予測!$B:$B,A2),0) -> 30 | J2: =E2*G2*I2 -> 3960
A3: M001 | B3: =IFERROR(VLOOKUP(A3,商品マスタ!$A:$B,2,0),"") -> 牛丼（並） | C3: I002 | D3: 白米 | E3: 300 | F3: g | G3: 1 | I3: =IFERROR(SUMIFS(売上予測!$D:$D,売上予測!$A:$A,設定!$B$4,売上予測!$B:$B,A3),0) -> 30 | J3: =E3*G3*I3 -> 9000
A4: M001 | B4: =IFERROR(VLOOKUP(A4,商品マスタ!$A:$B,2,0),"") -> 牛丼（並） | C4: I003 | D4: 玉ねぎ | E4: 50 | F4: g | G4: 1.15 | H4: 皮剥きロス考慮 | I4: =IFERROR(SUMIFS(売上予測!$D:$D,売上予測!$A:$A,設定!$B$4,売上予測!$B:$B,A4),0) -> 30 | J4: =E4*G4*I4 -> 1725
A5: M002 | B5: =IFERROR(VLOOKUP(A5,商品マスタ!$A:$B,2,0),"") -> 牛丼（大盛） | C5: I001 | D5: 牛肉(びん等) | E5: 180 | F5: g | G5: 1.1 | I5: =IFERROR(SUMIFS(売上予測!$D:$D,売上予測!$A:$A,設定!$B$4,売上予測!$B:$B,A5),0) -> 15 | J5: =E5*G5*I5 -> 2970
A6: M002 | B6: =IFERROR(VLOOKUP(A6,商品マスタ!$A:$B,2,0),"") -> 牛丼（大盛） | C6: I002 | D6: 白米 | E6: 400 | F6: g | G6: 1 | I6: =IFERROR(SUMIFS(売上予測!$D:$D,売上予測!$A:$A,設定!$B$4,売上予測!$B:$B,A6),0) -> 15 | J6: =E6*G6*I6 -> 6000
A7: M002 | B7: =IFERROR(VLOOKUP(A7,商品マスタ!$A:$B,2,0),"") -> 牛丼（大盛） | C7: I003 | D7: 玉ねぎ | E7: 60 | F7: g | G7: 1.15 | I7: =IFERROR(SUMIFS(売上予測!$D:$D,売上予測!$A:$A,設定!$B$4,売上予測!$B:$B,A7),0) -> 15 | J7: =E7*G7*I7 -> 1035
A8: M003 | B8: =IFERROR(VLOOKUP(A8,商品マスタ!$A:$B,2,0),"") -> 豚汁 | C8: I004 | D8: 味噌 | E8: 200 | F8: ml | G8: 1 | I8: =IFERROR(SUMIFS(売上予測!$D:$D,売上予測!$A:$A,設定!$B$4,売上予測!$B:$B,A8),0) -> 40 | J8: =E8*G8*I8 -> 8000
A9: M003 | B9: =IFERROR(VLOOKUP(A9,商品マスタ!$A:$B,2,0),"") -> 豚汁 | C9: I005 | D9: 大根 | E9: 60 | F9: g | G9: 1.1 | I9: =IFERROR(SUMIFS(売上予測!$D:$D,売上予測!$A:$A,設定!$B$4,売上予測!$B:$B,A9),0) -> 40 | J9: =E9*G9*I9 -> 2640
A10: M004 | B10: =IFERROR(VLOOKUP(A10,商品マスタ!$A:$B,2,0),"") -> サラダ | C10: I006 | D10: レタス | E10: 80 | F10: g | G10: 1.05 | H10: 外葉ロス考慮 | I10: =IFERROR(SUMIFS(売上予測!$D:$D,売上予測!$A:$A,設定!$B$4,売上予測!$B:$B,A10),0) -> 20 | J10: =E10*G10*I10 -> 1680
A11: M004 | B11: =IFERROR(VLOOKUP(A11,商品マスタ!$A:$B,2,0),"") -> サラダ | C11: I007 | D11: トマト | E11: 40 | F11: g | G11: 1.05 | I11: =IFERROR(SUMIFS(売上予測!$D:$D,売上予測!$A:$A,設定!$B$4,売上予測!$B:$B,A11),0) -> 20 | J11: =E11*G11*I11 -> 840
A12: M005 | B12: =IFERROR(VLOOKUP(A12,商品マスタ!$A:$B,2,0),"") -> 卵かけご飯 | C12: I002 | D12: 白米 | E12: 200 | F12: g | G12: 1 | I12: =IFERROR(SUMIFS(売上予測!$D:$D,売上予測!$A:$A,設定!$B$4,売上予測!$B:$B,A12),0) -> 25 | J12: =E12*G12*I12 -> 5000
A13: M005 | B13: =IFERROR(VLOOKUP(A13,商品マスタ!$A:$B,2,0),"") -> 卵かけご飯 | C13: I008 | D13: 卵 | E13: 1 | F13: 個 | G13: 1 | I13: =IFERROR(SUMIFS(売上予測!$D:$D,売上予測!$A:$A,設定!$B$4,売上予測!$B:$B,A13),0) -> 25 | J13: =E13*G13*I13 -> 25
A14: M005 | B14: =IFERROR(VLOOKUP(A14,商品マスタ!$A:$B,2,0),"") -> 卵かけご飯 | C14: I009 | D14: 醤油 | E14: 5 | F14: ml | G14: 1 | I14: =IFERROR(SUMIFS(売上予測!$D:$D,売上予測!$A:$A,設定!$B$4,売上予測!$B:$B,A14),0) -> 25 | J14: =E14*G14*I14 -> 125
A16: ※ 緑字：売上予測から自動参照 黒字：自動計算 青字：入力値

Sheet 売上予測
A1: 日付 | B1: 商品コード | C1: 商品名 | D1: 予測販売数 | E1: 曜日 | F1: 天候 | G1: イベント | H1: 備考
A2: 45728 | B2: M001 | C2: =IFERROR(VLOOKUP(B2,商品マスタ!$A:$B,2,0),"") -> 牛丼（並） | D2: 30 | E2: =TEXT(A2,"aaa") -> 水 | F2: 晴
A3: 45728 | B3: M002 | C3: =IFERROR(VLOOKUP(B3,商品マスタ!$A:$B,2,0),"") -> 牛丼（大盛） | D3: 15 | E3: =TEXT(A3,"aaa") -> 水 | F3: 晴
A4: 45728 | B4: M003 | C4: =IFERROR(VLOOKUP(B4,商品マスタ!$A:$B,2,0),"") -> 豚汁 | D4: 40 | E4: =TEXT(A4,"aaa") -> 水 | F4: 晴
A5: 45728 | B5: M004 | C5: =IFERROR(VLOOKUP(B5,商品マスタ!$A:$B,2,0),"") -> サラダ | D5: 20 | E5: =TEXT(A5,"aaa") -> 水 | F5: 晴
A6: 45728 | B6: M005 | C6: =IFERROR(VLOOKUP(B6,商品マスタ!$A:$B,2,0),"") -> 卵かけご飯 | D6: 25 | E6: =TEXT(A6,"aaa") -> 水 | F6: 晴
A7: 45729 | B7: M001 | C7: =IFERROR(VLOOKUP(B7,商品マスタ!$A:$B,2,0),"") -> 牛丼（並） | D7: 35 | E7: =TEXT(A7,"aaa") -> 木 | F7: 曇
A8: 45729 | B8: M002 | C8: =IFERROR(VLOOKUP(B8,商品マスタ!$A:$B,2,0),"") -> 牛丼（大盛） | D8: 20 | E8: =TEXT(A8,"aaa") -> 木 | F8: 曇
A9: 45729 | B9: M003 | C9: =IFERROR(VLOOKUP(B9,商品マスタ!$A:$B,2,0),"") -> 豚汁 | D9: 50 | E9: =TEXT(A9,"aaa") -> 木 | F9: 曇
A10: 45729 | B10: M004 | C10: =IFERROR(VLOOKUP(B10,商品マスタ!$A:$B,2,0),"") -> サラダ | D10: 25 | E10: =TEXT(A10,"aaa") -> 木 | F10: 曇
A11: 45729 | B11: M005 | C11: =IFERROR(VLOOKUP(B11,商品マスタ!$A:$B,2,0),"") -> 卵かけご飯 | D11: 30 | E11: =TEXT(A11,"aaa") -> 木 | F11: 曇

Sheet 在庫発注
A1: 【発注計算の対象日】
A2: 発注対象日 | B2: =設定!B3 -> 45726 | D2: ※ 設定シートで変更してください
A3: 納品日 | B3: =設定!B4 -> 45728 | D3: ← この日の売上予測を発注計算に使用
A4: 安全在庫日数 | B4: =設定!B6 -> 0.5 | D4: （予測消費量 × 安全在庫日数 = 安全在庫量）
A5: 食材コード | B5: 食材名 | C5: 単位 | D5: 現在庫 | E5: 入荷予定 | F5: 予測消費量 | G5: 安全在庫量 | H5: 必要在庫量 | I5: 発注必要量 | J5: 発注ロット | K5: 発注量 | L5: 発注要否 | M5: 仕入先 | N5: 備考
A6: I001 | B6: 牛肉(びん等) | C6: g | D6: 5000 | E6: 0 | F6: =IFERROR(SUMIF(レシピマスタ!$C:$C,A6,レシピマスタ!$J:$J),0) -> 6930 | G6: =F6*設定!$B$6 -> 3465 | H6: =F6+G6 -> 10395 | I6: =MAX(0,H6-D6-E6) -> 5395 | J6: 500 | K6: =IF(I6=0,0,CEILING(I6,J6)) -> 5500 | L6: =IF(K6>0,"発注","不要") -> 発注 | M6: フレッシュフード株
A7: I002 | B7: 白米 | C7: g | D7: 20000 | E7: 10000 | F7: =IFERROR(SUMIF(レシピマスタ!$C:$C,A7,レシピマスタ!$J:$J),0) -> 20000 | G7: =F7*設定!$B$6 -> 10000 | H7: =F7+G7 -> 30000 | I7: =MAX(0,H7-D7-E7) -> 0 | J7: 5000 | K7: =IF(I7=0,0,CEILING(I7,J7)) -> 0 | L7: =IF(K7>0,"発注","不要") -> 不要 | M7: 米山食品商
A8: I003 | B8: 玉ねぎ | C8: g | D8: 3000 | E8: 0 | F8: =IFERROR(SUMIF(レシピマスタ!$C:$C,A8,レシピマスタ!$J:$J),0) -> 2760 | G8: =F8*設定!$B$6 -> 1380 | H8: =F8+G8 -> 4140 | I8: =MAX(0,H8-D8-E8) -> 1140 | J8: 500 | K8: =IF(I8=0,0,CEILING(I8,J8)) -> 1500 | L8: =IF(K8>0,"発注","不要") -> 発注 | M8: フレッシュフード株
A9: I004 | B9: 味噌メッセンジャー | C9: ml | D9: 10000 | E9: 0 | F9: =IFERROR(SUMIF(レシピマスタ!$C:$C,A9,レシピマスタ!$J:$J),0) -> 8000 | G9: =F9*設定!$B$6 -> 4000 | H9: =F9+G9 -> 12000 | I9: =MAX(0,H9-D9-E9) -> 2000 | J9: 2000 | K9: =IF(I9=0,0,CEILING(I9,J9)) -> 2000 | L9: =IF(K9>0,"発注","不要") -> 発注 | M9: フレッシュフード株
A10: I005 | B10: 大根 | C10: g | D10: 4000 | E10: 0 | F10: =IFERROR(SUMIF(レシピマスタ!$C:$C,A10,レシピマスタ!$J:$J),0) -> 2640 | G10: =F10*設定!$B$6 -> 1320 | H10: =F10+G10 -> 3960 | I10: =MAX(0,H10-D10-E10) -> 0 | J10: 500 | K10: =IF(I10=0,0,CEILING(I10,J10)) -> 0 | L10: =IF(K10>0,"発注","不要") -> 不要 | M10: 青果毛商店
A11: I006 | B11: レタス | C11: g | D11: 2000 | E11: 0 | F11: =IFERROR(SUMIF(レシピマスタ!$C:$C,A11,レシピマスタ!$J:$J),0) -> 1680 | G11: =F11*設定!$B$6 -> 840 | H11: =F11+G11 -> 2520 | I11: =MAX(0,H11-D11-E11) -> 520 | J11: 500 | K11: =IF(I11=0,0,CEILING(I11,J11)) -> 1000 | L11: =IF(K11>0,"発注","不要") -> 発注 | M11: 青果毛商店
A12: I007 | B12: トマト | C12: g | D12: 1500 | E12: 0 | F12: =IFERROR(SUMIF(レシピマスタ!$C:$C,A12,レシピマスタ!$J:$J),0) -> 840 | G12: =F12*設定!$B$6 -> 420 | H12: =F12+G12 -> 1260 | I12: =MAX(0,H12-D12-E12) -> 0 | J12: 500 | K12: =IF(I12=0,0,CEILING(I12,J12)) -> 0 | L12: =IF(K12>0,"発注","不要") -> 不要 | M12: 青果毛商店
A13: I008 | B13: 卵 | C13: 個 | D13: 60 | E13: 0 | F13: =IFERROR(SUMIF(レシピマスタ!$C:$C,A13,レシピマスタ!$J:$J),0) -> 25 | G13: =F13*設定!$B$6 -> 12.5 | H13: =F13+G13 -> 37.5 | I13: =MAX(0,H13-D13-E13) -> 0 | J13: 10 | K13: =IF(I13=0,0,CEILING(I13,J13)) -> 0 | L13: =IF(K13>0,"発注","不要") -> 不要 | M13: フレッシュフード株
A14: I009 | B14: 醤油 | C14: ml | D14: 500 | E14: 0 | F14: =IFERROR(SUMIF(レシピマスタ!$C:$C,A14,レシピマスタ!$J:$J),0) -> 125 | G14: =F14*設定!$B$6 -> 62.5 | H14: =F14+G14 -> 187.5 | I14: =MAX(0,H14-D14-E14) -> 0 | J14: 100 | K14: =IF(I14=0,0,CEILING(I14,J14)) -> 0 | L14: =IF(K14>0,"発注","不要") -> 不要 | M14: 調味料専門店
